[{"model": "admin.logentry", "pk": 1, "fields": {"action_time": "2026-06-19T10:00:52.968Z", "user": 1, "content_type": 7, "object_id": "1", "object_repr": "Интерстеллар", "action_flag": 1, "change_message": "[{\"added\": {}}]"}}, {"model": "admin.logentry", "pk": 2, "fields": {"action_time": "2026-06-19T10:01:27.312Z", "user": 1, "content_type": 8, "object_id": "1", "object_repr": "Зал 1", "action_flag": 1, "change_message": "[{\"added\": {}}]"}}, {"model": "admin.logentry", "pk": 3, "fields": {"action_time": "2026-06-19T10:02:57.103Z", "user": 1, "content_type": 9, "object_id": "1", "object_repr": "Зал 1: row 4, seat 4", "action_flag": 1, "change_message": "[{\"added\": {}}]"}}, {"model": "admin.logentry", "pk": 4, "fields": {"action_time": "2026-06-19T10:05:54.479Z", "user": 1, "content_type": 10, "object_id": "1", "object_repr": "Интерстеллар - 2026-06-19 10:05", "action_flag": 1, "change_message": "[{\"added\": {}}]"}}, {"model": "admin.logentry", "pk": 5, "fields": {"action_time": "2026-06-19T10:07:28.912Z", "user": 1, "content_type": 9, "object_id": "2", "object_repr": "Зал 1: row 1, seat 1", "action_flag": 1, "change_message": "[{\"added\": {}}]"}}, {"model": "admin.logentry", "pk": 6, "fields": {"action_time": "2026-06-19T10:07:36.011Z", "user": 1, "content_type": 9, "object_id": "3", "object_repr": "Зал 1: row 1, seat 2", "action_flag": 1, "change_message": "[{\"added\": {}}]"}}, {"model": "admin.logentry", "pk": 7, "fields": {"action_time": "2026-06-19T10:07:42.174Z", "user": 1, "content_type": 9, "object_id": "4", "object_repr": "Зал 1: row 1, seat 3", "action_flag": 1, "change_message": "[{\"added\": {}}]"}}, {"model": "admin.logentry", "pk": 8, "fields": {"action_time": "2026-06-19T10:07:58.007Z", "user": 1, "content_type": 9, "object_id": "5", "object_repr": "Зал 1: row 1, seat 4", "action_flag": 1, "change_message": "[{\"added\": {}}]"}}, {"model": "admin.logentry", "pk": 9, "fields": {"action_time": "2026-06-19T10:08:02.340Z", "user": 1, "content_type": 9, "object_id": "6", "object_repr": "Зал 1: row 2, seat 1", "action_flag": 1, "change_message": "[{\"added\": {}}]"}}, {"model": "admin.logentry", "pk": 10, "fields": {"action_time": "2026-06-19T10:08:06.172Z", "user": 1, "content_type": 9, "object_id": "7", "object_repr": "Зал 1: row 2, seat 2", "action_flag": 1, "change_message": "[{\"added\": {}}]"}}, {"model": "admin.logentry", "pk": 11, "fields": {"action_time": "2026-06-19T10:08:09.665Z", "user": 1, "content_type": 9, "object_id": "8", "object_repr": "Зал 1: row 2, seat 3", "action_flag": 1, "change_message": "[{\"added\": {}}]"}}, {"model": "admin.logentry", "pk": 12, "fields": {"action_time": "2026-06-19T10:08:13.472Z", "user": 1, "content_type": 9, "object_id": "9", "object_repr": "Зал 1: row 2, seat 4", "action_flag": 1, "change_message": "[{\"added\": {}}]"}}, {"model": "admin.logentry", "pk": 13, "fields": {"action_time": "2026-06-19T10:08:17.200Z", "user": 1, "content_type": 9, "object_id": "10", "object_repr": "Зал 1: row 13, seat 1", "action_flag": 1, "change_message": "[{\"added\": {}}]"}}, {"model": "admin.logentry", "pk": 14, "fields": {"action_time": "2026-06-19T10:08:23.372Z", "user": 1, "content_type": 9, "object_id": "11", "object_repr": "Зал 1: row 3, seat 2", "action_flag": 1, "change_message": "[{\"added\": {}}]"}}, {"model": "admin.logentry", "pk": 15, "fields": {"action_time": "2026-06-19T10:08:27.101Z", "user": 1, "content_type": 9, "object_id": "12", "object_repr": "Зал 1: row 3, seat 3", "action_flag": 1, "change_message": "[{\"added\": {}}]"}}, {"model": "admin.logentry", "pk": 16, "fields": {"action_time": "2026-06-19T10:08:30.573Z", "user": 1, "content_type": 9, "object_id": "13", "object_repr": "Зал 1: row 3, seat 4", "action_flag": 1, "change_message": "[{\"added\": {}}]"}}, {"model": "admin.logentry", "pk": 17, "fields": {"action_time": "2026-06-20T09:47:26.554Z", "user": 1, "content_type": 9, "object_id": "10", "object_repr": "Зал 1: row 13, seat 1", "action_flag": 3, "change_message": ""}}, {"model": "admin.logentry", "pk": 18, "fields": {"action_time": "2026-06-20T09:48:18.815Z", "user": 1, "content_type": 9, "object_id": "1", "object_repr": "Зал 1: row 4, seat 4", "action_flag": 3, "change_message": ""}}, {"model": "admin.logentry", "pk": 19, "fields": {"action_time": "2026-06-20T09:48:46.829Z", "user": 1, "content_type": 9, "object_id": "14", "object_repr": "Зал 1: row 3, seat 1", "action_flag": 1, "change_message": "[{\"added\": {}}]"}}, {"model": "admin.logentry", "pk": 20, "fields": {"action_time": "2026-06-20T09:54:45.463Z", "user": 1, "content_type": 7, "object_id": "2", "object_repr": "Контакт", "action_flag": 1, "change_message": "[{\"added\": {}}]"}}, {"model": "admin.logentry", "pk": 21, "fields": {"action_time": "2026-06-20T09:55:15.121Z", "user": 1, "content_type": 7, "object_id": "2", "object_repr": "Контакт", "action_flag": 2, "change_message": "[{\"changed\": {\"fields\": [\"Release date\"]}}]"}}, {"model": "admin.logentry", "pk": 22, "fields": {"action_time": "2026-06-20T10:10:33.434Z", "user": 1, "content_type": 10, "object_id": "1", "object_repr": "Интерстеллар - 2026-06-19 10:05", "action_flag": 3, "change_message": ""}}, {"model": "admin.logentry", "pk": 23, "fields": {"action_time": "2026-06-20T10:16:02.731Z", "user": 1, "content_type": 10, "object_id": "2", "object_repr": "Контакт - 2026-06-20 19:00", "action_flag": 1, "change_message": "[{\"added\": {}}]"}}, {"model": "admin.logentry", "pk": 24, "fields": {"action_time": "2026-06-20T10:17:11.758Z", "user": 1, "content_type": 10, "object_id": "3", "object_repr": "Интерстеллар - 2026-06-20 14:00", "action_flag": 1, "change_message": "[{\"added\": {}}]"}}, {"model": "admin.logentry", "pk": 25, "fields": {"action_time": "2026-06-20T10:20:14.678Z", "user": 1, "content_type": 7, "object_id": "3", "object_repr": "Марсианин", "action_flag": 1, "change_message": "[{\"added\": {}}]"}}, {"model": "admin.logentry", "pk": 26, "fields": {"action_time": "2026-06-20T10:20:53.058Z", "user": 1, "content_type": 10, "object_id": "4", "object_repr": "Марсианин - 2026-06-20 12:00", "action_flag": 1, "change_message": "[{\"added\": {}}]"}}, {"model": "admin.logentry", "pk": 27, "fields": {"action_time": "2026-06-20T10:46:35.401Z", "user": 1, "content_type": 8, "object_id": "2", "object_repr": "Зал 2", "action_flag": 1, "change_message": "[{\"added\": {}}]"}}, {"model": "auth.user", "pk": 1, "fields": {"password": "pbkdf2_sha256$1200000$UOTAwnUeI4OGHG5QcSSYQb$SkvH+1zaIMuNR81dE84M/NPci8/ZDwLVLcNShKEm/PA=", "last_login": "2026-06-20T14:37:22.546Z", "is_superuser": true, "username": "admin", "first_name": "", "last_name": "", "email": "admin@example.com", "is_staff": true, "is_active": true, "date_joined": "2026-06-19T09:56:54.452Z", "groups": [], "user_permissions": []}}, {"model": "sessions.session", "pk": "tl7lzo2cyah4i755y4oj8j714jnnky1s", "fields": {"session_data": ".eJxVjEEKwyAQAP_iuUhW3az02HvfIKtuatpiICan0L8XIYf2OjPMoQLvWwl7kzXMWV0VqMsvi5xeUrvIT66PRaelbuscdU_0aZu-L1net7P9GxRupW9HC2YCIkrGAFvwWdyYMSJ5TySQkhmsIFnLiNEzChg_iHMoyeCkPl-yKDbd:1waVym:ZzSF5x1xHnEP1Kg1-hkUdq4SrDjl8l_89cuC3YxUseM", "expire_date": "2026-07-03T09:57:40.747Z"}}, {"model": "sessions.session", "pk": "x1tns407r7oanrx8zbvrqtn6amjslbgk", "fields": {"session_data": ".eJxVjEEKwyAQAP_iuUhW3az02HvfIKtuatpiICan0L8XIYf2OjPMoQLvWwl7kzXMWV0VqMsvi5xeUrvIT66PRaelbuscdU_0aZu-L1net7P9GxRupW9HC2YCIkrGAFvwWdyYMSJ5TySQkhmsIFnLiNEzChg_iHMoyeCkPl-yKDbd:1wawp0:-CFRGEsDGijsuzx_YBwP7pqs1ljdeA2qCIq9xhq82EI", "expire_date": "2026-07-04T14:37:22.552Z"}}, {"model": "movies.movie", "pk": 1, "fields": {"title": "Интерстеллар", "description": "", "duration_min": 169, "age_rating": "12+", "poster_url": "", "country": "США", "release_date": null, "is_active": true, "created_at": "2026-06-19T10:00:52.967Z", "updated_at": "2026-06-19T10:00:52.967Z"}}, {"model": "movies.movie", "pk": 2, "fields": {"title": "Контакт", "description": "", "duration_min": 150, "age_rating": "12", "poster_url": "", "country": "США", "release_date": null, "is_active": true, "created_at": "2026-06-20T09:54:45.461Z", "updated_at": "2026-06-20T09:55:15.119Z"}}, {"model": "movies.movie", "pk": 3, "fields": {"title": "Марсианин", "description": "", "duration_min": 144, "age_rating": "18", "poster_url": "", "country": "США", "release_date": null, "is_active": true, "created_at": "2026-06-20T10:20:14.676Z", "updated_at": "2026-06-20T10:20:14.676Z"}}, {"model": "cinema.hall", "pk": 1, "fields": {"name": "Зал 1", "rows_count": 3, "seats_per_row": 4, "is_active": true, "created_at": "2026-06-19T10:01:27.310Z", "updated_at": "2026-06-19T10:01:27.310Z"}}, {"model": "cinema.hall", "pk": 2, "fields": {"name": "Зал 2", "rows_count": 5, "seats_per_row": 6, "is_active": true, "created_at": "2026-06-20T10:46:35.397Z", "updated_at": "2026-06-20T10:46:35.397Z"}}, {"model": "cinema.seat", "pk": 2, "fields": {"hall": 1, "row_number": 1, "seat_number": 1, "seat_type": "STANDARD"}}, {"model": "cinema.seat", "pk": 3, "fields": {"hall": 1, "row_number": 1, "seat_number": 2, "seat_type": "STANDARD"}}, {"model": "cinema.seat", "pk": 4, "fields": {"hall": 1, "row_number": 1, "seat_number": 3, "seat_type": "STANDARD"}}, {"model": "cinema.seat", "pk": 5, "fields": {"hall": 1, "row_number": 1, "seat_number": 4, "seat_type": "STANDARD"}}, {"model": "cinema.seat", "pk": 6, "fields": {"hall": 1, "row_number": 2, "seat_number": 1, "seat_type": "VIP"}}, {"model": "cinema.seat", "pk": 7, "fields": {"hall": 1, "row_number": 2, "seat_number": 2, "seat_type": "VIP"}}, {"model": "cinema.seat", "pk": 8, "fields": {"hall": 1, "row_number": 2, "seat_number": 3, "seat_type": "VIP"}}, {"model": "cinema.seat", "pk": 9, "fields": {"hall": 1, "row_number": 2, "seat_number": 4, "seat_type": "VIP"}}, {"model": "cinema.seat", "pk": 11, "fields": {"hall": 1, "row_number": 3, "seat_number": 2, "seat_type": "STANDARD"}}, {"model": "cinema.seat", "pk": 12, "fields": {"hall": 1, "row_number": 3, "seat_number": 3, "seat_type": "STANDARD"}}, {"model": "cinema.seat", "pk": 13, "fields": {"hall": 1, "row_number": 3, "seat_number": 4, "seat_type": "STANDARD"}}, {"model": "cinema.seat", "pk": 14, "fields": {"hall": 1, "row_number": 3, "seat_number": 1, "seat_type": "STANDARD"}}, {"model": "cinema.seat", "pk": 15, "fields": {"hall": 2, "row_number": 1, "seat_number": 1, "seat_type": "STANDARD"}}, {"model": "cinema.seat", "pk": 16, "fields": {"hall": 2, "row_number": 1, "seat_number": 2, "seat_type": "STANDARD"}}, {"model": "cinema.seat", "pk": 17, "fields": {"hall": 2, "row_number": 1, "seat_number": 3, "seat_type": "STANDARD"}}, {"model": "cinema.seat", "pk": 18, "fields": {"hall": 2, "row_number": 1, "seat_number": 4, "seat_type": "STANDARD"}}, {"model": "cinema.seat", "pk": 19, "fields": {"hall": 2, "row_number": 1, "seat_number": 5, "seat_type": "STANDARD"}}, {"model": "cinema.seat", "pk": 20, "fields": {"hall": 2, "row_number": 1, "seat_number": 6, "seat_type": "STANDARD"}}, {"model": "cinema.seat", "pk": 21, "fields": {"hall": 2, "row_number": 2, "seat_number": 1, "seat_type": "STANDARD"}}, {"model": "cinema.seat", "pk": 22, "fields": {"hall": 2, "row_number": 2, "seat_number": 2, "seat_type": "STANDARD"}}, {"model": "cinema.seat", "pk": 23, "fields": {"hall": 2, "row_number": 2, "seat_number": 3, "seat_type": "STANDARD"}}, {"model": "cinema.seat", "pk": 24, "fields": {"hall": 2, "row_number": 2, "seat_number": 4, "seat_type": "STANDARD"}}, {"model": "cinema.seat", "pk": 25, "fields": {"hall": 2, "row_number": 2, "seat_number": 5, "seat_type": "STANDARD"}}, {"model": "cinema.seat", "pk": 26, "fields": {"hall": 2, "row_number": 2, "seat_number": 6, "seat_type": "STANDARD"}}, {"model": "cinema.seat", "pk": 27, "fields": {"hall": 2, "row_number": 3, "seat_number": 1, "seat_type": "STANDARD"}}, {"model": "cinema.seat", "pk": 28, "fields": {"hall": 2, "row_number": 3, "seat_number": 2, "seat_type": "STANDARD"}}, {"model": "cinema.seat", "pk": 29, "fields": {"hall": 2, "row_number": 3, "seat_number": 3, "seat_type": "STANDARD"}}, {"model": "cinema.seat", "pk": 30, "fields": {"hall": 2, "row_number": 3, "seat_number": 4, "seat_type": "STANDARD"}}, {"model": "cinema.seat", "pk": 31, "fields": {"hall": 2, "row_number": 3, "seat_number": 5, "seat_type": "STANDARD"}}, {"model": "cinema.seat", "pk": 32, "fields": {"hall": 2, "row_number": 3, "seat_number": 6, "seat_type": "STANDARD"}}, {"model": "cinema.seat", "pk": 33, "fields": {"hall": 2, "row_number": 4, "seat_number": 1, "seat_type": "STANDARD"}}, {"model": "cinema.seat", "pk": 34, "fields": {"hall": 2, "row_number": 4, "seat_number": 2, "seat_type": "STANDARD"}}, {"model": "cinema.seat", "pk": 35, "fields": {"hall": 2, "row_number": 4, "seat_number": 3, "seat_type": "STANDARD"}}, {"model": "cinema.seat", "pk": 36, "fields": {"hall": 2, "row_number": 4, "seat_number": 4, "seat_type": "STANDARD"}}, {"model": "cinema.seat", "pk": 37, "fields": {"hall": 2, "row_number": 4, "seat_number": 5, "seat_type": "STANDARD"}}, {"model": "cinema.seat", "pk": 38, "fields": {"hall": 2, "row_number": 4, "seat_number": 6, "seat_type": "STANDARD"}}, {"model": "cinema.seat", "pk": 39, "fields": {"hall": 2, "row_number": 5, "seat_number": 1, "seat_type": "STANDARD"}}, {"model": "cinema.seat", "pk": 40, "fields": {"hall": 2, "row_number": 5, "seat_number": 2, "seat_type": "STANDARD"}}, {"model": "cinema.seat", "pk": 41, "fields": {"hall": 2, "row_number": 5, "seat_number": 3, "seat_type": "STANDARD"}}, {"model": "cinema.seat", "pk": 42, "fields": {"hall": 2, "row_number": 5, "seat_number": 4, "seat_type": "STANDARD"}}, {"model": "cinema.seat", "pk": 43, "fields": {"hall": 2, "row_number": 5, "seat_number": 5, "seat_type": "STANDARD"}}, {"model": "cinema.seat", "pk": 44, "fields": {"hall": 2, "row_number": 5, "seat_number": 6, "seat_type": "STANDARD"}}, {"model": "cinema.session", "pk": 2, "fields": {"movie": 2, "hall": 1, "start_at": "2026-06-20T19:00:00Z", "end_at": "2026-06-20T21:30:00Z", "base_price": "200.00", "vip_price": "450.00", "status": "PUBLISHED", "created_at": "2026-06-20T10:16:02.728Z", "updated_at": "2026-06-20T10:16:02.728Z"}}, {"model": "cinema.session", "pk": 3, "fields": {"movie": 1, "hall": 1, "start_at": "2026-06-20T14:00:00Z", "end_at": "2026-06-20T16:30:00Z", "base_price": "400.00", "vip_price": "800.00", "status": "PUBLISHED", "created_at": "2026-06-20T10:17:11.756Z", "updated_at": "2026-06-20T10:17:11.756Z"}}, {"model": "cinema.session", "pk": 4, "fields": {"movie": 3, "hall": 1, "start_at": "2026-06-20T12:00:00Z", "end_at": "2026-06-20T14:00:00Z", "base_price": "150.00", "vip_price": "300.00", "status": "PUBLISHED", "created_at": "2026-06-20T10:20:53.055Z", "updated_at": "2026-06-20T10:20:53.055Z"}}, {"model": "bookings.booking", "pk": 1, "fields": {"session": 2, "seat": 6, "user": null, "guest_name": "Иван Иванов", "guest_email": "ivan@example.com", "guest_phone": "+79990000000", "booking_code": "", "status": "RESERVED", "reserved_at": "2026-06-23T13:26:53.333Z", "expires_at": null, "created_at": "2026-06-23T13:26:53.334Z", "updated_at": "2026-06-23T13:26:53.334Z"}}, {"model": "bookings.booking", "pk": 2, "fields": {"session": 2, "seat": 5, "user": null, "guest_name": "Иван Иванов", "guest_email": "ivan@example.com", "guest_phone": "+79990000000", "booking_code": "1C6959E8B090", "status": "RESERVED", "reserved_at": "2026-06-23T13:37:59.177Z", "expires_at": "2026-06-23T13:52:59.176Z", "created_at": "2026-06-23T13:37:59.177Z", "updated_at": "2026-06-23T13:37:59.177Z"}}]
